{
    "ablation": {
        "imp": {
            "-source-": 0,
            "-target-": 0,
            "block_size": 0.14002885272334104,
            "compaction_readahead_size": 0.04214590881292974,
            "level0_file_num_compaction_trigger": 0.6505598759932953,
            "level0_slowdown_writes_trigger": 0.016773864106838694,
            "level0_stop_writes_trigger": 0.01586610609637736,
            "max_background_flushes": 0.0,
            "max_bytes_for_level_multiplier": 0.0038024904060724556,
            "max_write_buffer_number": 0.011992092076138062,
            "min_write_buffer_number_to_merge": 0.0,
            "write_buffer_size": 0.11883080978500733
        },
        "order": [
            "-source-",
            "write_buffer_size",
            "level0_file_num_compaction_trigger",
            "block_size",
            "level0_slowdown_writes_trigger",
            "level0_stop_writes_trigger",
            "compaction_readahead_size",
            "max_write_buffer_number",
            "max_bytes_for_level_multiplier",
            "max_background_flushes",
            "min_write_buffer_number_to_merge",
            "-target-"
        ],
        "perf": {
            "-source-": -128831.62166666667,
            "-target-": -272426.11063492065,
            "block_size": -259419.25555555557,
            "compaction_readahead_size": -270158.0956349207,
            "level0_file_num_compaction_trigger": -239311.88400793652,
            "level0_slowdown_writes_trigger": -261827.89,
            "level0_stop_writes_trigger": -264106.1753968254,
            "max_background_flushes": -272426.11063492065,
            "max_bytes_for_level_multiplier": -272426.11063492065,
            "max_write_buffer_number": -271880.093968254,
            "min_write_buffer_number_to_merge": -272426.11063492065,
            "write_buffer_size": -145895.0710714286
        },
        "var": {
            "-source-": 531233386.9610525,
            "-target-": 2999022.2662838697,
            "block_size": 10900797.816982204,
            "compaction_readahead_size": 29132993.319382243,
            "level0_file_num_compaction_trigger": 626589373.556151,
            "level0_slowdown_writes_trigger": 11662941.550245559,
            "level0_stop_writes_trigger": 10716092.524351217,
            "max_background_flushes": 2999022.2662838697,
            "max_bytes_for_level_multiplier": 2999022.2662838697,
            "max_write_buffer_number": 5217693.004023461,
            "min_write_buffer_number_to_merge": 2999022.2662838697,
            "write_buffer_size": 3268617449.6307893
        }
    },
    "fanova": {
        "imp": {
            "['cache_index_and_filter_blocks', 'block_size']": 0.004594434261923455,
            "['cache_index_and_filter_blocks', 'level0_file_num_compaction_trigger']": 0.040770288668246724,
            "['cache_index_and_filter_blocks', 'level0_slowdown_writes_trigger']": 0.001159231026505326,
            "['level0_file_num_compaction_trigger', 'block_size']": 0.008263272903972057,
            "['level0_file_num_compaction_trigger', 'level0_slowdown_writes_trigger']": 0.0037277574129071078,
            "['level0_slowdown_writes_trigger', 'block_size']": 0.0011312056076851025,
            "['write_buffer_size', 'block_size']": 0.03189296503632101,
            "['write_buffer_size', 'cache_index_and_filter_blocks']": 0.11099274495002961,
            "['write_buffer_size', 'level0_file_num_compaction_trigger']": 0.07147178472121407,
            "['write_buffer_size', 'level0_slowdown_writes_trigger']": 0.01613872184850602,
            "block_size": 0.026742632643160413,
            "cache_index_and_filter_blocks": 0.1838027590202938,
            "compaction_readahead_size": 0.0010525990749544795,
            "compression_type": 0.000530207620000806,
            "level0_file_num_compaction_trigger": 0.08855258319760927,
            "level0_slowdown_writes_trigger": 0.027214292166981572,
            "level0_stop_writes_trigger": 0.007386251745277067,
            "max_background_compactions": 0.0031379012406313397,
            "max_background_flushes": 0.002429240688966024,
            "max_bytes_for_level_multiplier": 0.0026484763851516114,
            "max_write_buffer_number": 0.0015704891366349763,
            "min_write_buffer_number_to_merge": 0.0002658530876892636,
            "write_buffer_size": 0.18862842967999108
        },
        "order": [
            "write_buffer_size",
            "cache_index_and_filter_blocks",
            "level0_file_num_compaction_trigger",
            "level0_slowdown_writes_trigger",
            "block_size",
            "level0_stop_writes_trigger",
            "max_background_compactions",
            "max_bytes_for_level_multiplier",
            "max_background_flushes",
            "max_write_buffer_number",
            "compaction_readahead_size",
            "compression_type",
            "min_write_buffer_number_to_merge",
            "['write_buffer_size', 'cache_index_and_filter_blocks']",
            "['write_buffer_size', 'level0_file_num_compaction_trigger']",
            "['write_buffer_size', 'level0_slowdown_writes_trigger']",
            "['write_buffer_size', 'block_size']",
            "['cache_index_and_filter_blocks', 'level0_file_num_compaction_trigger']",
            "['cache_index_and_filter_blocks', 'level0_slowdown_writes_trigger']",
            "['cache_index_and_filter_blocks', 'block_size']",
            "['level0_file_num_compaction_trigger', 'level0_slowdown_writes_trigger']",
            "['level0_file_num_compaction_trigger', 'block_size']",
            "['level0_slowdown_writes_trigger', 'block_size']"
        ]
    },
    "forward-selection": {
        "imp": {
            "None": 81947.42607723363,
            "block_size": 31713.706119909413,
            "cache_index_and_filter_blocks": 35021.10614063125,
            "compression_type": 30510.580891596343,
            "level0_file_num_compaction_trigger": 37675.93822184578,
            "max_bytes_for_level_multiplier": 25947.97509019982,
            "write_buffer_size": 45958.79001421477
        },
        "order": [
            "None",
            "write_buffer_size",
            "level0_file_num_compaction_trigger",
            "cache_index_and_filter_blocks",
            "block_size",
            "compression_type",
            "max_bytes_for_level_multiplier"
        ]
    },
    "lpi": {
        "imp": {
            "block_size": 0.15238305960697462,
            "cache_index_and_filter_blocks": 0.0,
            "compaction_readahead_size": 0.0010432595137191331,
            "compression_type": 0.05347094818398383,
            "level0_file_num_compaction_trigger": 0.2934012653582917,
            "level0_slowdown_writes_trigger": 0.0009135239398701164,
            "level0_stop_writes_trigger": 0.0015301211282113055,
            "max_background_compactions": 0.0011342538166845182,
            "max_background_flushes": 1.6705650725371713e-05,
            "max_bytes_for_level_multiplier": 4.8454883315425274e-05,
            "max_write_buffer_number": 0.00034482853655916996,
            "min_write_buffer_number_to_merge": 0.00011108267280873108,
            "write_buffer_size": 0.49560249670885603
        },
        "order": [
            "cache_index_and_filter_blocks",
            "max_background_flushes",
            "max_bytes_for_level_multiplier",
            "min_write_buffer_number_to_merge",
            "max_write_buffer_number",
            "level0_slowdown_writes_trigger",
            "compaction_readahead_size",
            "max_background_compactions",
            "level0_stop_writes_trigger",
            "compression_type",
            "block_size",
            "level0_file_num_compaction_trigger",
            "write_buffer_size"
        ]
    }
}