{
    "ablation": {
        "imp": {
            "-source-": 0,
            "-target-": 0,
            "block_size": 0.12338516209263223,
            "compaction_readahead_size": 0.039524766318076825,
            "compression_type": 0.05593554413859155,
            "level0_file_num_compaction_trigger": 0.1746219972395211,
            "level0_slowdown_writes_trigger": 0.13953212384283492,
            "level0_stop_writes_trigger": 0.09003446003699347,
            "max_background_compactions": 0.0,
            "max_background_flushes": 0.0,
            "max_bytes_for_level_multiplier": 0.005356009150040564,
            "max_write_buffer_number": 0.07218697786518097,
            "min_write_buffer_number_to_merge": 0.19761845407114728,
            "write_buffer_size": 0.10180450524498105
        },
        "order": [
            "-source-",
            "block_size",
            "level0_stop_writes_trigger",
            "max_write_buffer_number",
            "min_write_buffer_number_to_merge",
            "level0_file_num_compaction_trigger",
            "level0_slowdown_writes_trigger",
            "write_buffer_size",
            "compaction_readahead_size",
            "compression_type",
            "max_bytes_for_level_multiplier",
            "max_background_compactions",
            "max_background_flushes",
            "-target-"
        ],
        "perf": {
            "-source-": -102065.41166666667,
            "-target-": -107024.32776556775,
            "block_size": -102677.26833333334,
            "compaction_readahead_size": -106720.3880952381,
            "compression_type": -106997.76776556775,
            "level0_file_num_compaction_trigger": -105327.62,
            "level0_slowdown_writes_trigger": -106019.54809523809,
            "level0_stop_writes_trigger": -103123.74166666665,
            "max_background_compactions": -107024.32776556775,
            "max_background_flushes": -107024.32776556775,
            "max_bytes_for_level_multiplier": -107024.32776556775,
            "max_write_buffer_number": -103481.71083333332,
            "min_write_buffer_number_to_merge": -104461.68416666667,
            "write_buffer_size": -106524.38809523809
        },
        "var": {
            "-source-": 19170332.27080557,
            "-target-": 207204.5463510476,
            "block_size": 3742609.1502746856,
            "compaction_readahead_size": 656820.1512282662,
            "compression_type": 188402.8855810029,
            "level0_file_num_compaction_trigger": 4909360.766267554,
            "level0_slowdown_writes_trigger": 3879597.093154175,
            "level0_stop_writes_trigger": 4013772.4069444546,
            "max_background_compactions": 207204.5463510476,
            "max_background_flushes": 207204.5463510476,
            "max_bytes_for_level_multiplier": 207204.5463510476,
            "max_write_buffer_number": 7071875.812716819,
            "min_write_buffer_number_to_merge": 4492960.155091983,
            "write_buffer_size": 597948.5127097443
        }
    },
    "fanova": {
        "imp": {
            "['block_size', 'level0_slowdown_writes_trigger']": 0.0027919293189700516,
            "['block_size', 'max_background_compactions']": 0.001299274023782495,
            "['cache_index_and_filter_blocks', 'block_size']": 0.010011690981256795,
            "['cache_index_and_filter_blocks', 'level0_slowdown_writes_trigger']": 0.0016118867266518675,
            "['cache_index_and_filter_blocks', 'max_background_compactions']": 0.00021322882244901936,
            "['level0_slowdown_writes_trigger', 'max_background_compactions']": 0.00047046190083250856,
            "['write_buffer_size', 'block_size']": 0.025141953939670933,
            "['write_buffer_size', 'cache_index_and_filter_blocks']": 0.20291054351987522,
            "['write_buffer_size', 'level0_slowdown_writes_trigger']": 0.01333642499235899,
            "['write_buffer_size', 'max_background_compactions']": 0.008407335873155945,
            "block_size": 0.02593429553878278,
            "cache_index_and_filter_blocks": 0.16516807777635883,
            "compaction_readahead_size": 0.007331850164820567,
            "compression_type": 0.0004418292413034791,
            "level0_file_num_compaction_trigger": 0.0031458037201837034,
            "level0_slowdown_writes_trigger": 0.01421605916610318,
            "level0_stop_writes_trigger": 0.006959646798407742,
            "max_background_compactions": 0.010532519970033304,
            "max_background_flushes": 0.0010710368195368486,
            "max_bytes_for_level_multiplier": 0.000497468195114166,
            "max_write_buffer_number": 0.0067198168172581795,
            "min_write_buffer_number_to_merge": 0.0014535792821837239,
            "write_buffer_size": 0.3650756096116502
        },
        "order": [
            "write_buffer_size",
            "cache_index_and_filter_blocks",
            "block_size",
            "level0_slowdown_writes_trigger",
            "max_background_compactions",
            "compaction_readahead_size",
            "level0_stop_writes_trigger",
            "max_write_buffer_number",
            "level0_file_num_compaction_trigger",
            "min_write_buffer_number_to_merge",
            "max_background_flushes",
            "max_bytes_for_level_multiplier",
            "compression_type",
            "['write_buffer_size', 'cache_index_and_filter_blocks']",
            "['write_buffer_size', 'block_size']",
            "['write_buffer_size', 'level0_slowdown_writes_trigger']",
            "['write_buffer_size', 'max_background_compactions']",
            "['cache_index_and_filter_blocks', 'block_size']",
            "['cache_index_and_filter_blocks', 'level0_slowdown_writes_trigger']",
            "['cache_index_and_filter_blocks', 'max_background_compactions']",
            "['block_size', 'level0_slowdown_writes_trigger']",
            "['block_size', 'max_background_compactions']",
            "['level0_slowdown_writes_trigger', 'max_background_compactions']"
        ]
    },
    "forward-selection": {
        "imp": {
            "None": 28756.960534495527,
            "block_size": 12953.916296727906,
            "cache_index_and_filter_blocks": 13926.319460916991,
            "min_write_buffer_number_to_merge": 12799.835081580402,
            "write_buffer_size": 15239.876101810225
        },
        "order": [
            "None",
            "write_buffer_size",
            "cache_index_and_filter_blocks",
            "block_size",
            "min_write_buffer_number_to_merge"
        ]
    },
    "lpi": {
        "imp": {
            "block_size": 0.11260386511914033,
            "cache_index_and_filter_blocks": 0.0,
            "compaction_readahead_size": 0.0016017321811176368,
            "compression_type": 0.0,
            "level0_file_num_compaction_trigger": 0.0690248594342284,
            "level0_slowdown_writes_trigger": 0.0008973407080317675,
            "level0_stop_writes_trigger": 0.0035410714410753384,
            "max_background_compactions": 0.02756951209571306,
            "max_background_flushes": 0.0,
            "max_bytes_for_level_multiplier": 8.217670649874706e-06,
            "max_write_buffer_number": 0.0020376123948357425,
            "min_write_buffer_number_to_merge": 0.002369757541897231,
            "write_buffer_size": 0.7803460314133106
        },
        "order": [
            "cache_index_and_filter_blocks",
            "compression_type",
            "max_background_flushes",
            "max_bytes_for_level_multiplier",
            "level0_slowdown_writes_trigger",
            "compaction_readahead_size",
            "max_write_buffer_number",
            "min_write_buffer_number_to_merge",
            "level0_stop_writes_trigger",
            "max_background_compactions",
            "level0_file_num_compaction_trigger",
            "block_size",
            "write_buffer_size"
        ]
    }
}