{
    "ablation": {
        "imp": {
            "-source-": 0,
            "-target-": 0,
            "bgwriter_delay": 0.0,
            "bgwriter_lru_maxpages": 0.992167381746506,
            "checkpoint_timeout": -1.1199987561223235,
            "deadlock_timeout": 1.19204584372627,
            "default_statistics_target": -1.4524495210059385,
            "effective_cache_size": -0.40956106212344406,
            "effective_io_concurrency": 0.0,
            "max_parallel_workers": 0.0,
            "max_wal_size": 2.128382914136395,
            "random_page_cost": 0.7030144155783299,
            "shared_buffers": -1.4594103231446593,
            "temp_buffers": -1.1507913118072475,
            "wal_buffers": -1.716869331016583,
            "work_mem": 3.293469750032695
        },
        "order": [
            "-source-",
            "bgwriter_delay",
            "max_parallel_workers",
            "temp_buffers",
            "checkpoint_timeout",
            "default_statistics_target",
            "effective_cache_size",
            "shared_buffers",
            "wal_buffers",
            "bgwriter_lru_maxpages",
            "random_page_cost",
            "max_wal_size",
            "deadlock_timeout",
            "work_mem",
            "effective_io_concurrency",
            "-target-"
        ],
        "perf": {
            "-source-": -311.2772740697744,
            "-target-": -316.6414600205553,
            "bgwriter_delay": -311.2772740697744,
            "bgwriter_lru_maxpages": -277.3921785133706,
            "checkpoint_timeout": -299.0963338902138,
            "deadlock_timeout": -298.97467585810807,
            "default_statistics_target": -291.30512457541533,
            "effective_cache_size": -289.10816287998585,
            "effective_io_concurrency": -316.6414600205553,
            "max_parallel_workers": -311.2772740697744,
            "max_wal_size": -292.58032029050486,
            "random_page_cost": -281.1632785646123,
            "shared_buffers": -281.27961452814867,
            "temp_buffers": -305.10421548269727,
            "wal_buffers": -272.0700081833829,
            "work_mem": -316.6414600205553
        },
        "var": {
            "-source-": 1617.4393189259026,
            "-target-": 2007.163122427554,
            "bgwriter_delay": 1617.4393189259026,
            "bgwriter_lru_maxpages": 6709.518546269532,
            "checkpoint_timeout": 4770.319534907114,
            "deadlock_timeout": 4366.177758056242,
            "default_statistics_target": 4556.577786883445,
            "effective_cache_size": 4715.743276158757,
            "effective_io_concurrency": 2007.163122427554,
            "max_parallel_workers": 1617.4393189259026,
            "max_wal_size": 2434.1048402195643,
            "random_page_cost": 2845.273845639795,
            "shared_buffers": 5137.598998821205,
            "temp_buffers": 2922.3019505335233,
            "wal_buffers": 6054.04558063676,
            "work_mem": 2007.163122427554
        }
    },
    "fanova": {
        "imp": {
            "['random_page_cost', 'temp_buffers']": 0.00517958815318271,
            "['shared_buffers', 'random_page_cost']": 0.02433991368291433,
            "['shared_buffers', 'temp_buffers']": 0.01735776037819481,
            "['shared_buffers', 'wal_buffers']": 0.04585068244189078,
            "['shared_buffers', 'work_mem']": 0.03777762736418949,
            "['wal_buffers', 'random_page_cost']": 0.012388856395446343,
            "['wal_buffers', 'temp_buffers']": 0.011624524117722692,
            "['work_mem', 'random_page_cost']": 0.02254302729943289,
            "['work_mem', 'temp_buffers']": 0.009335891383631547,
            "['work_mem', 'wal_buffers']": 0.021988762311076993,
            "bgwriter_delay": 0.0003334864007599441,
            "bgwriter_lru_maxpages": 0.0008320717479138337,
            "checkpoint_completion_target": 2.688888499665545e-17,
            "checkpoint_timeout": 0.001375686021053246,
            "deadlock_timeout": 0.0035270762778320435,
            "default_statistics_target": 0.0009059433617493848,
            "effective_cache_size": 0.0018961003241221418,
            "effective_io_concurrency": 0.0010950976158557704,
            "max_parallel_workers": 0.00047883160914974257,
            "max_parallel_workers_per_gather": 0.0021210852491147436,
            "max_wal_size": 0.0021265746324272486,
            "max_worker_processes": 0.00010976488694267114,
            "random_page_cost": 0.0192706487423345,
            "shared_buffers": 0.19867306501486262,
            "temp_buffers": 0.014298414454229582,
            "wal_buffers": 0.043401773962231965,
            "work_mem": 0.0451727935034292
        },
        "order": [
            "shared_buffers",
            "work_mem",
            "wal_buffers",
            "random_page_cost",
            "temp_buffers",
            "deadlock_timeout",
            "max_wal_size",
            "max_parallel_workers_per_gather",
            "effective_cache_size",
            "checkpoint_timeout",
            "effective_io_concurrency",
            "default_statistics_target",
            "bgwriter_lru_maxpages",
            "max_parallel_workers",
            "bgwriter_delay",
            "max_worker_processes",
            "checkpoint_completion_target",
            "['shared_buffers', 'work_mem']",
            "['shared_buffers', 'wal_buffers']",
            "['shared_buffers', 'random_page_cost']",
            "['shared_buffers', 'temp_buffers']",
            "['work_mem', 'wal_buffers']",
            "['work_mem', 'random_page_cost']",
            "['work_mem', 'temp_buffers']",
            "['wal_buffers', 'random_page_cost']",
            "['wal_buffers', 'temp_buffers']",
            "['random_page_cost', 'temp_buffers']"
        ]
    },
    "forward-selection": {
        "imp": {
            "None": 98.55214806497767,
            "checkpoint_timeout": 86.6797311342505,
            "deadlock_timeout": 89.5089536083112,
            "shared_buffers": 92.10877489096886
        },
        "order": [
            "None",
            "shared_buffers",
            "deadlock_timeout",
            "checkpoint_timeout"
        ]
    },
    "lpi": {
        "imp": {
            "bgwriter_delay": 0.050587012846830356,
            "bgwriter_lru_maxpages": 0.00773091282548576,
            "checkpoint_timeout": 0.0,
            "deadlock_timeout": 0.0,
            "default_statistics_target": 0.0038946851150989726,
            "effective_cache_size": 0.03793908091038709,
            "effective_io_concurrency": 0.004581846000017782,
            "max_parallel_workers": 0.0,
            "max_parallel_workers_per_gather": 0.016391071804544615,
            "max_wal_size": 0.00852003962053032,
            "max_worker_processes": 0.0,
            "random_page_cost": 0.196834217690592,
            "shared_buffers": 0.28809944455799064,
            "temp_buffers": 0.035307781208915506,
            "wal_buffers": 0.23559407486605122,
            "work_mem": 0.11451983255355572
        },
        "order": [
            "checkpoint_timeout",
            "deadlock_timeout",
            "max_parallel_workers",
            "max_worker_processes",
            "default_statistics_target",
            "effective_io_concurrency",
            "bgwriter_lru_maxpages",
            "max_wal_size",
            "max_parallel_workers_per_gather",
            "temp_buffers",
            "effective_cache_size",
            "bgwriter_delay",
            "work_mem",
            "random_page_cost",
            "wal_buffers",
            "shared_buffers"
        ]
    }
}