{
    "ablation": {
        "imp": {
            "-source-": 0,
            "-target-": 0,
            "bgwriter_delay": 0.09272109391360252,
            "bgwriter_lru_maxpages": 0.0,
            "checkpoint_timeout": 0.0,
            "default_statistics_target": 0.0,
            "effective_cache_size": 0.06291064239598727,
            "effective_io_concurrency": 0.0,
            "max_parallel_workers_per_gather": 0.19254437302387437,
            "max_wal_size": 0.11902437819510996,
            "max_worker_processes": 0.03130088591851895,
            "shared_buffers": 0.09774450264813811,
            "temp_buffers": 0.06933968959368161,
            "wal_buffers": 0.23061655793535435,
            "work_mem": 0.10379787637573286
        },
        "order": [
            "-source-",
            "wal_buffers",
            "work_mem",
            "shared_buffers",
            "effective_cache_size",
            "bgwriter_lru_maxpages",
            "default_statistics_target",
            "effective_io_concurrency",
            "temp_buffers",
            "max_parallel_workers_per_gather",
            "bgwriter_delay",
            "max_wal_size",
            "max_worker_processes",
            "checkpoint_timeout",
            "-target-"
        ],
        "perf": {
            "-source-": -1063.9388057917515,
            "-target-": -1137.2140960910583,
            "bgwriter_delay": -1126.1989687238122,
            "bgwriter_lru_maxpages": -1100.2151729373604,
            "checkpoint_timeout": -1137.2140960910583,
            "default_statistics_target": -1100.2151729373604,
            "effective_cache_size": -1100.2151729373604,
            "effective_io_concurrency": -1100.2151729373604,
            "max_parallel_workers_per_gather": -1119.4048036504237,
            "max_wal_size": -1134.9205145887533,
            "max_worker_processes": -1137.2140960910583,
            "shared_buffers": -1095.6053773528786,
            "temp_buffers": -1105.2960588216013,
            "wal_buffers": -1080.8373010222915,
            "work_mem": -1088.443120546175
        },
        "var": {
            "-source-": 963.1208583765664,
            "-target-": 1551.426976732516,
            "bgwriter_delay": 1591.0622988503362,
            "bgwriter_lru_maxpages": 407.9950734641354,
            "checkpoint_timeout": 1551.426976732516,
            "default_statistics_target": 407.9950734641354,
            "effective_cache_size": 407.9950734641354,
            "effective_io_concurrency": 407.9950734641354,
            "max_parallel_workers_per_gather": 1499.2681176896194,
            "max_wal_size": 1431.3865949165074,
            "max_worker_processes": 1551.426976732516,
            "shared_buffers": 335.96243449123,
            "temp_buffers": 2525.9637745552345,
            "wal_buffers": 550.2721340828659,
            "work_mem": 378.8164376989649
        }
    },
    "fanova": {
        "imp": {
            "['random_page_cost', 'wal_buffers']": 0.006516430509747135,
            "['shared_buffers', 'random_page_cost']": 0.018569615446597926,
            "['shared_buffers', 'temp_buffers']": 0.0369737231399783,
            "['shared_buffers', 'wal_buffers']": 0.015940561721302732,
            "['shared_buffers', 'work_mem']": 0.05824037407104199,
            "['temp_buffers', 'random_page_cost']": 0.016429945250797967,
            "['temp_buffers', 'wal_buffers']": 0.016124287894784015,
            "['work_mem', 'random_page_cost']": 0.015828297900890013,
            "['work_mem', 'temp_buffers']": 0.03452699543950534,
            "['work_mem', 'wal_buffers']": 0.02245553321914025,
            "bgwriter_delay": 0.004208145685817237,
            "bgwriter_lru_maxpages": 0.0012598701273182425,
            "checkpoint_completion_target": 0.0,
            "checkpoint_timeout": 0.0005185564756652194,
            "deadlock_timeout": 0.002018643492558636,
            "default_statistics_target": 0.0017727331116230345,
            "effective_cache_size": 0.005094356539003536,
            "effective_io_concurrency": 0.004104957962592731,
            "max_parallel_workers": 0.0001069156575862088,
            "max_parallel_workers_per_gather": 0.003290685165771039,
            "max_wal_size": 0.0019885539460508315,
            "max_worker_processes": 0.002405719992074743,
            "random_page_cost": 0.01807421602732905,
            "shared_buffers": 0.06211849412542164,
            "temp_buffers": 0.044075659401144454,
            "wal_buffers": 0.014652598595666817,
            "work_mem": 0.04570439463148963
        },
        "order": [
            "shared_buffers",
            "work_mem",
            "temp_buffers",
            "random_page_cost",
            "wal_buffers",
            "effective_cache_size",
            "bgwriter_delay",
            "effective_io_concurrency",
            "max_parallel_workers_per_gather",
            "max_worker_processes",
            "deadlock_timeout",
            "max_wal_size",
            "default_statistics_target",
            "bgwriter_lru_maxpages",
            "checkpoint_timeout",
            "max_parallel_workers",
            "checkpoint_completion_target",
            "['shared_buffers', 'work_mem']",
            "['shared_buffers', 'temp_buffers']",
            "['shared_buffers', 'random_page_cost']",
            "['shared_buffers', 'wal_buffers']",
            "['work_mem', 'temp_buffers']",
            "['work_mem', 'random_page_cost']",
            "['work_mem', 'wal_buffers']",
            "['temp_buffers', 'random_page_cost']",
            "['temp_buffers', 'wal_buffers']",
            "['random_page_cost', 'wal_buffers']"
        ]
    },
    "forward-selection": {
        "imp": {
            "None": 58.03771741278723,
            "max_worker_processes": 53.13554591984617,
            "temp_buffers": 54.81363557592224
        },
        "order": [
            "None",
            "temp_buffers",
            "max_worker_processes"
        ]
    },
    "lpi": {
        "imp": {
            "bgwriter_delay": 0.023172452546453615,
            "bgwriter_lru_maxpages": 0.046519980050191,
            "checkpoint_timeout": 0.0,
            "deadlock_timeout": 0.00991988756953626,
            "default_statistics_target": 0.10150805760545537,
            "effective_cache_size": 0.060930201306437615,
            "effective_io_concurrency": 0.0,
            "max_parallel_workers": 0.0,
            "max_parallel_workers_per_gather": 0.060751789464948594,
            "max_wal_size": 0.044657741403875066,
            "max_worker_processes": 0.0,
            "random_page_cost": 0.16081292748650514,
            "shared_buffers": 0.08399872245150594,
            "temp_buffers": 0.10481777845262044,
            "wal_buffers": 0.12464469628245012,
            "work_mem": 0.17826576538002092
        },
        "order": [
            "checkpoint_timeout",
            "effective_io_concurrency",
            "max_parallel_workers",
            "max_worker_processes",
            "deadlock_timeout",
            "bgwriter_delay",
            "max_wal_size",
            "bgwriter_lru_maxpages",
            "max_parallel_workers_per_gather",
            "effective_cache_size",
            "shared_buffers",
            "default_statistics_target",
            "temp_buffers",
            "wal_buffers",
            "random_page_cost",
            "work_mem"
        ]
    }
}